title,category,risk_level,setting,date,injury_category,severity,primary_classification,what_happened,what_could_have_happened,why_did_it_happen_root_causes,causal_factors,what_went_well,lessons_to_prevent_re_occurrence,actions,n_actions,category_std,city,country,injury_category_std,primary_classification_std,risk,severity_level,IT,Process,Maint,Labs,Office,E&I,Remote,Logistics,Digital,PTW,sentiment_what_happened,sentiment_root_causes
minor vapor release instrument tubing replacement,Safety,Medium,Chemical processing unit / general operations area,2019-01-01,No Injury,Potentially Significant,Health and Safety,technician replace short run small bear signal tubing pressure transmitter part routine reliability maintenance line believe fully isolate depressurized base work permit verbal handover technician loosen final fit brief release light hydrocarbon vapor occur residual pressure trap impulse line release dissipate quickly due strong ventilation open air structure worker step back close fit notify operation area secure unit controller confirm alarm ignition source nearby personnel exposure symptom work suspend isolation plan re verify resume,vapor cloud accumulation low ventilation zone lead potential ignition worker exposure cause respiratory irritation dizziness escalation large release impulse line high pressure pocket activation gas detection system force unplanned process shutdown,isolation plan assume transmitter s secondary block valve fully eliminate trap volume specify vent requirement incomplete integration small bear tubing task site s standard isolation design philosophy insufficient detail maintenance plan assess pressure retain component dead leg,time pressure finish task schedule operation meet verbal shift handover lack clarity status upstream valve congest workspace make difficult worker visually confirm valve orientation limit recent refresher train identify hide pressure trap worker rely past experience rather structure vent verification step,technician immediately stop work re secure fit natural ventilation disperse vapor quickly operation respond promptly establish safe perimeter gas monitor remain normal range confirm escalation team conduct spot learn review restart work,treat small bear tubing pressure retain positively vent ensure isolation diagram specify vent step trap volume strengthen shift handover expectation isolation spin crew improve field label visibility local block valve reinforce use structure pause point loosen fitting,action add explicit vent point check transmitter tubing replacement job plan owner role maintenance planner time day verification spot audit next relevant job action install high visibility tag local instrument block valve owner operation supervisor time day verification field walkdown signoff action update isolation standard include guidance dead leg volume owner process safety engineer time day verification procedure approval plus train record review action conduct refresher train identify pressure trap tubing work owner hse advisor time day verification attendance log post train quiz action implement mandatory vent verify checkbox permit small bear maintenance owner permit work coordinator time immediate verification weekly ptw compliance review action improve shift handover template include isolation status owner operation manager time day verification review complete handover form action add pre_job_field_review_requirement_confirm_valve_orientation owner maintenance lead time immediate verification supervisor signoff first task action evaluate installation permanent bleed point frequent maintenance location owner reliability engineer time day verification engineer change request approval action reinforce stop work authority message toolbox talk owner hse advisor time immediate verification toolbox attendance sheet action conduct focus operational discipline observation campaign congest area owner operation excellence lead time day verification observation record closeout report,10,Safety,Medicine Hat,Canada,No Injury,Health and Safety,2,3,1,0,0,0,0,0,0,0,0,0,0,-6
unexpected pressure release sample line replacement,Safety,Medium,Utilities area / process sampling station,2021-01-01,No Injury,Potentially Significant,Health and Safety,maintenance crow assign replace short segment stainless steel sample line show sign external corrosion job schedule normal operation isolation permit state line depressurized drain technician loosen 2 compression fit brief jet warm water vapor escape pocket residual pressure identify job plan technician step back immediately team activate stop work operation secure area verify upstream isolation valve fully seat release stop five second one expose injure work resume revise isolation vent plan put place,accumulation warm vapor lead thermal exposure potential escalation large leak fit fully detach slip hazard form grate pool condensate potential activation nearby analyzer alarm cause process disruption,isolation plan consider trap fluid low point section create previous plant modification engineer documentation outdate miss build route sample line vent requirement small volume pipe insufficiently define,crew rely verbal confirmation rather physically verify valve position condensate generation adjacent equipment increase line temperature pressure unexpectedly time pressure complete task inspection window narrow hazard recognition work area congestion limit access vent plug location,technician back away immediately demonstrate effective situational awareness area ventilation rapidly disperse vapor operation respond promptly validate full system isolation re start work personnel adhere stop work authority without hesitation ppe requirement glove faceshields long sleeve provide effective protection,always verify vent path small bear low point section loosen fitting update engineer drawing equipment route change include trap volume check isolation procedure reinforce formal valve position verification rather rely verbal assurance reduce task time pressure schedule sample line work control window improve access vent point maintenance friendly layout review,action add mandatory trap volume assessment sample line maintenance job plan owner role maintenance planner time day verification audit first five update job plan action update pipe instrumentation drawing p id reflect build route owner engineer supervisor time day verification document revision approval action introduce valve position verification checklist isolation job owner operation lead time immediate verification weekly ptw compliance review action conduct field walkdowns identify low point trap sample system owner reliability engineer time day verification site walkdown report action improve access vent plug install extend handle auxiliary drain owner mechanical engineer time day verification closure report maintenance action refresh train stop work pre task hazard identification owner hse advisor time day verification attendance track action add_pre_job_hold_point_operation_physically_confirm_isolation owner shift supervisor time immediate verification ptw_field_review_checklist action incorporate sample line risk scenario toolbox talk rotation owner operation trainer time day verification toolbox talk log action establish schedule guideline avoid maintenance_task_peak_production_transition owner plan manager time day verification review update schedule rule action launch target operational discipline observation campaign valve isolation task owner operation excellence lead time day verification observation summary follow action exposure case follow require one page structure rule,10,Safety,Geismar,USA,No Injury,Health and Safety,2,3,0,1,0,0,0,0,0,0,0,0,-1,-3
vapor release transfer hose connection meter pad,Safety,Medium,Chemical unloading bay at a mid / scale processing facility,2023-01-01,Medical Treatment,Potentially Significant,Health and Safety,two person operation crow prepare unload tote mildly corrosive solvent use routine clean cycle task require connect flexible transfer hose fix suction line lead day tank permit work issue crow confirm line isolate drain base previous shift s note operator loosen blind flange attach hose small cloud solvent vapor escape line accompany short burst liquid droplet operator step back inhale small amount retreat 2 operator activate stop work close tote valve initiate area ventilation fan operator inhale vapor experience eye irritation cough take medical evaluation escalation occur area barricade line confirm empty properly vent,inhalation high concentration vapor cause respiratory injury liquid splash unprotected skin eye result chemical burn vapor cloud migration cause alarm trigger wide shelter place procedure release enter nearby trench contain complicate cleanup,isolation procedure include mandatory vent verification step low point section suction line engineer drawing outdate show straight run mid level elbow create trap residual solvent pre task review rely shift handover note rather perform physical confirmation,time pressure due several tote schedule unload morning limit light unload bay make vent plug difficult see crow assume similarity previous batch line drain completely dedicate indicator e g sight glass drain gauge confirm empty status incomplete hazard identification jha vapor ambient temperature underestimate,stop work authority use immediately ventilation fan clear vapor cloud quickly spill confine within grade pad environmental release occur crow follow emergency health evaluation protocol without delay clear communication control room ensure area remain isolate safe,always confirm vent drain line remove blind fitting ensure engineer drawing accurately reflect build pipe especially elbow low point rely solely previous shift status perform physical check incorporate vapor hazard assessment chemical transfer jhas improve light unload area support effective verification use mechanical indicator dedicate drain confirm empty line,action add vent verification step chemical transfer isolation procedure owner role operation supervisor time immediate verification field audit next transfer job action update suction line drawing reflect actual pipe configuration owner engineer lead time day verification approve draw revision design review signoff action install improve light unload pad owner maintenance lead time day verification post installation light survey action add sight glass low point drain valve confirm line empty status owner mechanical engineer time day verification engineer change record commission check action update jha template include explicit vapor hazard evaluation owner hse advisor time day verification jha quality review first applicable task action enhance shift handover train emphasis verification vs assumption owner operation train coordinator time day verification train attendance quiz result action conduct target observation campaign chemical line break task owner operation excellence lead time immediate verification observation log closeout summary action evaluate potential install automatic purge system frequently use transfer line owner reliability engineer time day verification feasibility study recommendation report action reinforce ppe requirement full face shield chemical resistant hood hose connection task owner hse advisor time immediate verification ppe compliance spot check action add brief pre_task_vent_confirmation_checklist_permit_work owner permit coordinator time immediate verification weekly_ptw_audit,10,Safety,Medicine Hat,Canada,Medical Treatment,Health and Safety,2,3,0,1,1,0,0,0,0,0,0,0,0,-1
inhalation exposure acid dilution setup,Safety,Medium,Quality Control Laboratory / Wet Chemistry Area,2022-01-01,Medical Treatment,Potentially Significant,Health and Safety,lab technician prepare dilution strong inorganic acid routine titration standard task require transfer small volume concentrate acid dilution flask inside benchtop fume hood prior start technician open sash arrange glassware fully close begin transfer acid bottle tip puff vapor rise bottle thread drift toward technician s breathe zone hood face velocity insufficient sash raise technician experience immediate throat irritation cough prompt step back press area alarm coworker assist move technician fresh air ventilation system clear fume medical evaluation indicate mild chemical irritation long term effect hood tag airflow verification complete,high dose inhalation lead respiratory burn hospitalization splash exposure eye skin uncontrolled movement cough vapor trigger nearby corrosion alarm cause wide lab shutdown escalation bottle drop reaction fume,laboratory ventilation standard specify require sash height acid transfer task preventive maintenance schedule include routine airflow verification hood train material lack emphasis vapor generation bottle thread pour,technician focus glassware placement forget low sash hood face velocity reduce due clutter inside work area restrict airflow time pressure complete preparation schedule instrument run secondary containment tray place limit ability position bottle deep inside hood,technician recognize symptom early step back immediately area alarm emergency response procedure follow without hesitation nearby personnel provide prompt assistance ensure decontamination unnecessary hood isolate quickly prevent additional exposure sds information readily accessible medical staff,always fully low fume hood sash operational height handle concentrate acid verify hood airflow weekly high hazard task even formal inspection little frequent remove clutter hood maintain proper air pattern visibility incorporate vapor generation risk e g thread cap temperature lab jhas provide refresher train chemical transfer ergonomics hood use use secondary containment deep hood position reactive liquid,action add explicit operational sash height requirement lab s chemical handle sop owner role laboratory supervisor time immediate verification sop revision post acknowledge technician action implement weekly airflow check use portable anemometer hood owner facility maintenance lead time day verification maintenance log review action introduce mandatory decluttering checklist fume hood user owner lab safety coordinator time immediate verification random weekly spot check action add dedicate section vapor release point thread cap annual lab safety train owner hse advisor time day verification train attendance record action install secondary containment tray acid handle hood owner purchase lab manager time day verification completion check lab audit action add pre_task_hood_ready_checkbox_dilute_acid_preparation_form owner qa system specialist time day verification form compliance audit action conduct lab wide_campaign_reinforce_sash_use_visibility_marker owner laboratory supervisor time immediate verification visual confirmation walkthroughs action establish annual engineer review fume hood layout airflow obstruction owner engineer lead time day verification review report action tracker action include scenario base drill fume exposure response lab emergency train owner hse advisor time day verification drill performance evaluation action tag track fume hood airflow deviation repair re test complete owner facility maintenance lead time immediate verification tag log post repair certification,10,Safety,Medicine Hat,Canada,Medical Treatment,Health and Safety,2,3,0,0,0,1,0,0,0,0,0,0,2,-2
solvent transfer splash sample prep,Safety,Medium,Analytical Laboratory / Organic Sample Prep Bench,2021-01-01,First Aid,Potentially Significant,Health and Safety,laboratory technician prepare calibration standard use volatile flammable solvent task involve transfer solvent l amber bottle several small volumetric flask use squeeze dispenser technician place bottle near edge bench make room glassware secure dispenser tip firmly flask open pressure apply squeeze bottle misalignment cause sudden side spray splash solvent onto technician s glove lab coat sleeve benchtop technician immediately move back use eyewash sink decontamination notify shift lead spill contain use absorbent pad technician evaluate first aid responder minor skin irritation work area pause proper cleanup ventilation check complete,solvent spray contact technician s eye face cause chemical burn splash reach electrical equipment create fire ignition hazard large spill saturate clothe increase inhalation dermal exposure nearby open sample vial become contaminate compromise quality result,standardize setup solvent transfer task inconsistent equipment placement define spill containment boundary inadequate pre_task_risk_assessment squeeze bottle use volatile solvent laboratory layout provide sufficient clear workspace safe dispense,bench clutter reduce maneuverability create unstable glassware placement time pressure complete batch instrument run technician assume dispenser tip universal multiple flask size lack visual marker indicate require distance bench edge glove near end use life reduce splash resistance,technician react quickly use immediate decontamination spill confine bench surface reach floor drain ventilation airflow adequate minimize inhalation hazard shift lead initiate stop work coordinate cleanup effectively appropriate ppe glove coat safety glass reduce severity,establish define bench layout minimum clear workspace requirement solvent task use dedicate spill tray flask hold rack liquid transfer verify compatibility fit dispense equipment start work conduct quick pre_task_hazard_check even routine activity replace glove proactively solvent intensive task reinforce train splash zone awareness body position,action create standard solvent dispense setup bench layout diagram require containment equipment owner role laboratory supervisor time day verification supervisor signoff monthly lab audit action introduce mandatory spill tray solvent transfer ml owner lab safety coordinator time immediate verification spot check document lab safety round action procure size specific dispenser tip ensure proper fit volumetric flask owner purchase lab manager time day verification inventory confirmation technician feedback action add solvent transfer micro jha checklist sample prep procedure owner qa system specialist time day verification review complete checklist next task action implement glove change protocol high frequency solvent task owner hse advisor time immediate verification ppe compliance inspection log action reduce bench clutter adopt clean bench policy start shift reset owner laboratory supervisor time day verification random weekly inspection action add visual floor bench marker indicate safe equipment distance edge owner facility technician time day verification visual confirmation hse walkthrough action refresh annual train module splash hazard ergonomic position owner hse advisor time day verification train attendance quiz result action evaluate alternative dispense method pipette pump dropper bottle high risk solvent owner lab manager time day verification review trial datum adoption decision action update near_miss_report_procedure_capture_splash_zone_deviation owner qa system specialist time day verification audit incident report completeness waste splash centrifuge tube failure incompatible mix,10,Safety,Medicine Hat,Canada,First Aid,Health and Safety,2,3,0,0,0,1,0,0,0,0,0,0,1,-2
solvent bottle tip waste consolidation,Safety,Medium,Laboratory Waste Handling Area,2023-01-01,First Aid,Potentially Significant,Health and Safety,technician consolidate small quantity spend organic solvent designate waste carboy end afternoon shift several small bottle accumulate space bench limit reach across bench retrieve partially full bottle technician s sleeve brush another container tip splash solvent strike technician s glove low sleeve small amount land bench surface technician immediately step back use eyewash sink rinse expose area notify area lead ventilation increase spill clean use absorbent pad technician experience mild skin irritation require first aid treatment work resume area clear container reorganize,solvent splash toward technician s face eye cause serious injury liquid contact electrical connection bench create ignition risk large spill saturate clothe produce hazardous vapor cross contamination incompatible waste occur container mix fall,work area design include dedicate consolidation zone adequate space waste handle procedure specify limit numb small container allow bench train material lack clarity safe reach zone container placement hierarchy,bench clutter reduce available movement space technician multitask try finish shift change container vary size place close together without containment tray sleeve length loose clothe increase likelihood accidental contact visual marker indicate safe container space,technician recognize exposure quickly use prompt decontamination spill remain contain bench reach floor drain ppe reduce severity skin exposure good communication area lead enable safe response cleanup ventilation adjustment apply immediately,establish dedicate uncluttered waste consolidation zone keep one container open time solvent transfer use spill tray bottle stand prevent tip reinforce guidance body position reach zone avoid overextension implement limit numb container allow bench consolidation adopt periodic bench reset procedure shift change,action create standardize layout waste consolidation station define space zone owner role lab supervisor time day verification layout check weekly lab walkdown action introduce maximum container count rule consolidation_task owner hse advisor time immediate verification random compliance audit action install spill tray bottle stabilizer consolidation bench owner facility technician time day verification inventory installation checklist action update waste_handle_sop explicit reach zone body position guidance owner qa system specialist time day verification sop revision approval action provide refresher train solvent_handle_ergonomics_line_fire_awareness owner hse advisor time day verification train record action implement mandatory bench reset start end shift owner lab supervisor time immediate verification supervisor spot check action add visual cue tape outline marker show minimum container space owner facility technician time day verification visual inspection action procure fit lab coat sleeve sleeve retainer solvent handle task owner purchase time day verification ppe issue record action add unannounced ergonomic hazard observation monthly hse round owner hse advisor time immediate verification observation report action update newhire onboarding include handson solventtransfer_practice_mock_bottle owner train coordinator time day verification skill demonstration signoff hire onboarding include hand solvent transfer practice mock bottle,10,Safety,Vancouver,Canada,First Aid,Health and Safety,2,3,0,0,0,1,0,0,0,0,0,0,2,2
coffee spill near power strip share workspace,Safety,Medium,Corporate Office / Open Work Area,2024-01-01,No Injury,Potentially Significant,Health and Safety,employee carry full cup hot coffee kitchenette desk busy morning several teammate gather around share table review document cause walkway narrow employee step around chair elbow bump stack folder sit edge table impact cause folder slide employee instinctively shift cup prevent item fall sudden movement cause coffee spill onto carpet splatter near extension cord power multiple laptop coworker quickly unplug power strip prevent potential electrical hazard one injure work immediate area pause clean staff ensure floor cable safe use,hot coffee splash onto employee s hand lap cause burn liquid contact power strip cause electrical short minor arc someone slip wet carpet area cordon valuable document electronic equipment damage,workspace layout account temporary congestion collaborative discussion clear housekeeping standard keep walkway table edge free stack material absence guidance discourage employee carry open liquid crowd area,employee multitask focus group discussion rather walkway clearance stack folder place close table edge employee carry uncover full beverage without stabilization morning rush increase foot traffic distraction,quick unplug power strip reduce electrical risk spill clean promptly area secure avoid slip employee communicate clearly stop work immediately incident office ppe close toe shoe prevent potential foot splash cause injury,maintain clear walkway especially impromptu team huddle store document material away edge can bump encourage use spill proof mug move beverage around office review office housekeeping practice share table collaborative zone promote awareness potential electrical hazard around liquid,action add signage encourage spill proof container open office area owner role office service coordinator time day verification visual confirmation floor check action establish guideline keep share table walkway edge clear owner hse advisor time immediate verification weekly housekeeping audit action rearrange collaborative space provide wide movement path owner facility manager time day verification post implementation walkthrough report action provide cable management solution elevate protect power strip spill owner support lead time day verification equipment installation log action deliver short safety reminder next hand meet safe transport liquid owner hse advisor time immediate verification meet minute attendance action implement edge free zone mark share table prevent material stack edge owner office service coordinator time day verification visual inspection action introduce routine morning floor sweep congestion prone area owner facility manager time immediate verification daily sweep checklist action provide spill kit office kitchenette area owner hse advisor time day verification stock location check action add simple risk awareness slide onboarding office base staff owner hr train lead time day verification train record review action encourage team lead relocate discussion meet room peak traffic period owner department manager time immediate verification periodic behavioral observation,10,Safety,Vancouver,Canada,No Injury,Health and Safety,2,3,0,0,0,0,1,0,0,0,0,0,3,2
unexpected pressure release manual valve isolation,Safety,Medium,Utilities Area / Generic Process Unit,2019-01-01,No Injury,Near Miss,Health and Safety,operator prepare low pressure line maintenance isolate manual block valve task routine conduct day shift technician crack open downstream drain verify zero energy short burst pressurize vapor escape worker immediately step back close drain team notify control establish temporary cordon subsequent check confirm secondary valve upstream fully seat allow residual pressure accumulate one injure area safely depressurized maintenance resume,full line open release continuous stream hot vapor worker suffer thermal irritation eye airway release trigger unit alarm cause unplanned shutdown nearby contractor expose within egress path,incomplete isolation plan job plan require verification upstream valve seat drain inadequate equipment design upstream valve show early sign internal wear reduce seal reliability procedural gap isolation step include cross check operation maintenance lead,time pressure hand equipment end shift limit visibility around valve handle due congest pipe rack communication lapse toolbox talk team assume normal isolation without revisit recent valve performance concern technician rely past experience rather full isolation checklist nearby noise make verbal confirmation difficult,worker react quickly step back prevent exposure ppe face shield glove provide adequate protection brief vapor burst control room promptly inform enable coordinate response area isolate quickly prevent bystander exposure,always verify isolation integrity use primary secondary indicator reassess valve health plan age valve need additional check ensure toolbox talk include recent equipment behavior deviation use standardize hand signal radio ambient noise impair communication reinforce discipline around use full isolation checklist design congest area improve access isolation task,action add mandatory upstream valve seat verification isolation procedure owner op supervisor time day verification procedure audit field walkthrough action inspect refurbish valve show degrade seal performance owner maintenance lead time day verification cmms record review functional test result action update toolbox talk template include recent equipment anomaly prompt owner hse advisor time day verification observe use pre job meeting action introduce handheld radio protocol task high noise area owner operation manager time day verification field spot check action conduct target train isolation hierarchy double valve verification owner train coordinator time day verification attendance log post train quiz action reassess valve accessibility congest rack area propose layout improvement owner reliability engineer time day verification engineer review package action implement periodic review isolation checklist completeness owner hse system lead time day verification document checklist revision action add temporary barrier barricade tape requirement isolation work owner op supervisor time immediate verification field inspection action establish short isolation confirmation step operation maintenance drain owner maintenance planner time day verification update job plan action launch brief awareness campaign highlight recent near miss involve isolation lapse owner hse advisor time day verification campaign material workforce feedback,10,Safety,Medicine Hat,Canada,No Injury,Health and Safety,2,2,1,1,0,0,0,0,0,0,0,0,-2,-2
minor solvent spill hose transfer setup,Safety,Medium,General Processing Area / Liquid Handling,2021-01-01,No Injury,Near Miss,Health and Safety,two person operation team prepare routine solvent transfer bulk tote day tank start pump connect flexible hose equip cam lock fit operator notice slight resistance engage lock assume properly seat moment initiate low flow prime step narrow stream solvent appear couple team immediately stop pump close isolation valve spill contain within small drip tray already position connection point clean close inspection reveal gasket inside cam lock fold inward prevent proper seal,large release pump ramp full transfer rate potential slip hazard solvent migrate outside containment tray possible inhalation exposure vapor confine load area equipment damage solvent contact nearby instrument wire,inadequate pre use inspection hose gasket couple hardware lack standardize verification step confirm full cam lock engagement procedure require replacement age gasket fix schedule,time pressure complete transfer schedule truck arrival congest work area limit operator line sight couple assumption resistance lock due normal wear peer check perform start pump reduce light bay contribute miss gasket deformation,operator notice leak quickly stop transfer immediately drip tray position correctly prevent spread solvent communication two worker clear prompt ppe glove goggle long sleeve prevent contact irritation spill response supply hand enable rapid clean,incorporate tactile visual verification hose fitting energize pump replace gasket regularly base condition service hour improve light transfer bay enhance visibility connection point encourage peer check hose transfer involve hazardous liquid use color code gasket make deformation easy identify include couple integrity mandatory point pre_task_briefing,action add hose connection verification step liquid transfer procedure owner role operation supervisor time day verification field audit update procedure next transfer action implement gasket replacement schedule transfer hose owner role maintenance lead time day verification cmms record review gasket condition check action install improve lead light solvent transfer bay owner role facility coordinator time day verification post installation light measurement operator feedback action introduce peer check requirement pump start hose transfer task owner role hse advisor time day verification observational report pre task brief review action procure deploy color code deformation resistant gasket kit owner role procurement store lead time day verification inventory track spot check field action conduct refresher session hose handle cam lock inspection technique owner role train coordinator time day verification attendance record post train competency quiz action update pre_task_brief_template include equipment condition anomaly owner role hse system specialist time day verification document control review field check,7,Safety,Point Lisas,Trinidad & Tobago,No Injury,Health and Safety,2,2,0,1,0,0,0,0,0,0,0,0,2,-4
contractor scaffold deck shift equipment removal,Safety,Medium,General Processing Area / Mechanical Maintenance,2022-01-01,No Injury,Near Miss,Health and Safety,contractor crow assign remove small heat exchanger cover internal inspection job require access temporary scaffold platform build early week lift cover use chain hoist one contractor step onto deck plank near edge guide load plank shift approximately cm one lock pin fully engage worker immediately step back signal stop lift platform remain stable one fall strike scaffold tag indicate structure inspect issue pin detect shift handover,contractor fall elevate platform suspend load swing strike worker deck collapse cause multiple injury load drop damage equipment,inadequate verification scaffold integrity adjustment make early morning insufficient coordination contractor supervision site operation regard scaffold modification lack standardize re inspection requirement scaffold component reposition,time pressure complete equipment removal upcoming outage task worker assume lock pin secure scaffold tag green shift handover contractor crew highlight minor adjustment make noise area make communication spotter hoist operator difficult limit visibility pin engagement due shadow deck,contractor immediately initiate stop work deck shift hoist operator react promptly stabilize suspend load worker wear proper fall protection equipment appropriate platform height area already barricade prevent unauthorized entry task good communication site operation ensure scaffold isolate investigation,always require document re inspection scaffold modification even minor adjustment reinforce green scaffold tag replace visual tactile check key component improve coordination contractor crew shift handover highlight scaffold status ensure adequate light around elevate work area verify secure engagement lock pin establish clear hand signal radio protocol environmental noise affect communication,action add mandatory scaffold re inspection step component adjustment owner role site scaffold coordinator time day verification random field audit update scaffold checklist action update contractor induction include hand demonstration lock pin verification owner role hse advisor time day verification attendance log post train competency check action enhance light around multi level scaffold congest work area owner role facility maintenance lead time day verification light level reading operator feedback action implement formal contractor contractor shift handover template scaffold relate task owner role contractor supervisor time day verification review complete handover form action introduce pre_lift_verification_work_platform_stability_part_lift_plan owner role operation supervisor time immediate verification field observation lift action establish radio communication protocol elevate lift noisy area owner role operation hse lead time day verification spot check field task action add scaffold_pin_engagement_check_daily_contractor_toolbox_talk owner role contractor foreman time immediate verification toolbox talk documentation review break excavation can generate break case,7,Safety,Vancouver,Canada,No Injury,Health and Safety,2,2,0,1,1,0,0,0,0,0,0,0,1,-2
contractor line break deviation drain line isolation,Safety,High,Process Unit / Mechanical Maintenance,2023-01-01,No Injury,Near Miss,Health and Safety,contractor crow prepare perform schedule line break task small drain line connect low pressure vessel crow confirm work permit display barricade begin loosen flange believe line fully isolate drain bolt back small amount warm process liquid seep bottom flange immediately signal incomplete de energization lead fit call stop work team retightened bolt step back notify operation check show upstream block valve fully seat due internal wear leave residual fluid trap section line properly re isolate drain work resume one expose environmental release occur,sudden release hot liquid vapor cause burn respiratory irritation splash face eye despite ppe volume pressure high potential ignition fluid contain low flashpoint component large spill require area shutdown emergency response,incomplete isolation verification procedure require dual confirmation valve seat age equipment insufficient pre job plan line diagram use outdate reflect recent pipe rearrangement lack formal cross check contractor supervision operation start line break,time pressure complete work within narrow maintenance window limit visibility upstream valve location due congest pipework contractor assume absence flow drain mean full isolation noise unit make verbal communication hard initial flange check tool configuration require awkward posture reduce ability detect early seepage,contractor immediately initiate stop work seepage appear ppe face shield chemical glove long sleeve provide full protection barricade prevent unauthorized personnel enter space operation respond promptly assist verify true zero energy spill pad available prevent grind contamination,always perform positive isolation verification visual tactile pressure check especially old valve use update pipe diagram verify discrepancy pre task meet require operation representative sign line condition flange loosen improve light access around isolation point validate valve position build line break scenario contractor onboarding reinforce step step expectation,action add mandatory upstream downstream valve seat verification line break procedure owner role operation supervisor time day verification procedure audit next line break task action update pipe diagram ensure review pre job brief owner role engineer document control lead time day verification document control checklist field confirmation action implement operation_confirmation_sign_step_contractor_line_break owner role hse advisor time day verification permit work field audit action install improve light near congest isolation valve owner role facility coordinator time day verification light assessment worker feedback action introduce contractor_refresher_session_zero_energy_verification owner role train coordinator time day verification attendance record competency quiz action require pre_break_pressure_check_liquid_system_feasible owner role maintenance supervisor time immediate verification random field observation action add job step slow_loosen_pause_flange_open_detect_early_seepage owner role contractor foreman time immediate verification toolbox talk documentation action establish communication_protocol_noisy_area_hand_signal_radio owner role operation lead time day verification spot check line break task work case,8,Safety,Medicine Hat,Canada,No Injury,Health and Safety,3,2,1,0,1,0,0,0,0,0,0,0,-4,-2
contractor hot work near unverified drain line,Safety,High,Utilities Area / Mechanical Maintenance,2022-01-01,No Injury,Near Miss,Health and Safety,contractor weld crow assign remove corrode support bracket small pipe rack team complete hot work permit set fire blanket position extinguisher welder begin heat bracket faint mist appear nearby drain line connection one meter away crow immediately stop weld signal stop work back away area operation isolate line confirm slow seep non flammable heat process water leak thread joint identify pre job walkdown weld area allow cool additional containment place task resume revise permit,leak involve flammable stream ignition occur pressurize liquid contact welder cause burn mist obscure visibility cause trip burn hazard large release require area shutdown emergency response,incomplete hazard identification nearby fitting check active seepage hot work outdate area drawing show modify drain line tie permit process lack requirement full inspection around hot work zone,time pressure complete bracket replacement maintenance outage congest pipe make visual inspection small fitting difficult contractor assume non flammable service mean additional risk without verify temperature condition noise nearby equipment make early leak sound hard detect limit light reduce visibility fine mist setup,welder stop work immediately notice mist fire watch attentive help signal stop work promptly ppe glove face shield leather protect crow potential splash operation respond quickly isolate leak line fire protection equipment already stage ready,always verify nearby line flammable leak temperature isolation hot work update use accurate area drawing job plan include mandatory inspection zone hot work permit improve light congest rack identify small leak mist require joint touch point contractor operation ignition source introduce,action add inspection_requirement_hot_work_permit owner role hse system lead time day verification random permit audit action conduct joint contractor operation walkdowns hot work location owner role operation supervisor time immediate verification field checklist action update area drawing include recent drain line change owner role engineer document control time day verification document control review action install supplemental_light_congest_pipe_rack_zone owner role facility coordinator time day verification illumination survey operator feedback action train_contractor_crew_assess_non_flammable_service_still_present_heat_spray_hazard owner role train coordinator time day verification attendance record action introduce pre_hot_work_leak_check_use_absorbent_wipe_temperature_probe owner role maintenance supervisor time immediate verification field observation action update fire_watch_checklist_include_verification_nearby_auxiliary_line owner role hse advisor time day verification toolbox talk review action require re_validation_hot_work_area_operational_adjustment_isolation_change owner role operation lead time immediate verification permit audit,8,Safety,Geismar,USA,No Injury,Health and Safety,3,2,0,1,1,0,0,0,0,0,0,0,-1,-1
contractor hot work overlap live equipment test,Safety,High,Process Area / Mechanical & Instrumentation,2021-01-01,No Injury,Near Miss,Health and Safety,contractor crow assign cut remove old pipe support use hot work equipment time internal instrumentation team perform functional test nearby control valve require energize actuator briefly introduce instrument air line simops interaction identify plan team receive work permit different coordinator welder begin cut sudden burst air discharge vent point valve assembly startle welder cause spark scatter beyond designate fire blanket area fire watch notice deviation call immediate stop work area isolate task suspend joint review become clear two activity overlap hazard zone capture permit system,spark contact combustible debris outside protect zone pressurize air cause loss balance result fall work platform line contain process gas test ignition occur multiple worker expose simultaneous unexpected energy release,simops plan gap permit issuer cross check schedule work adjacent area inadequate coordination contractor supervisor internal team lack requirement map overlap hazard zone share control plan,time pressure shutdown window cause parallel task prioritize incomplete hazard identification toolbox talk team review individual scope noise congestion area reduce awareness adjacent activity limit visibility control valve vent point hot work position permit system flag conflict activity automatically,fire watch react quickly initiate stop work proper ppe prevent contact fly debris barricade limit personnel surround area good communication operation enable rapid isolation task hot work equipment shut immediately prevent escalation,always conduct simops specific review multiple team work zone require joint walkdowns permit holder start work map active potential energy source within extend hazard radius use share simops board digital tracker flag conflict task strengthen communication contractor internal team shift handover,action introduce mandatory_simops_checklist_work_share_area owner role hse system lead time day verification permit audit action implement single coordination point contractor_internal_permit owner role operation supervisor time immediate verification review daily permit log action deploy_simops_board_physical_digital_show_active_work_zone owner role maintenance coordinator time day verification field inspection user feedback action require_joint_pre_task_walkdowns_anytime_hot_work_conduct_near_instrumentation_task owner role instrumentation lead time day verification toolbox talk record action update_train_include_real_case_simops_scenario_contractor owner role train coordinator time day verification attendance competency check action enhance_permit_work_system_flag_adjacent_overlap_hazard_zone_automatically owner role digital system administrator time day verification system test log action add_daily_simops_brief_shutdown_high_activity_period owner role shutdown manager time immediate verification meet record action improve_signage_mark_active_hot_work_area_nearby_energy_source owner role operation lead time day verification field inspection,8,Safety,Medicine Hat,Canada,No Injury,Near Miss,Health and Safety,3,2,0,1,0,0,0,1,0,0,0,0,-4,-3
ergonomic strain communication gap remote maintenance,Safety,Medium,Working From Home / Remote Technical Support,2021-01-01,No Injury,Near Miss,Health and Safety,remote engineer work home support contractor team perform routine instrument calibration engineer begin session use laptop place low coffee table simultaneously monitor live datum via secondary screen call progress contractor request rapid configuration change prompt engineer lean forward repeatedly access small screen control minute engineer experience sharp discomfort neck shoulder momentarily lose focus contractor s verbal confirmation result mis communicate adjustment step contractor catch cross check execute work pause engineer adjust equipment setup task resume without operational impact,incorrect configuration change cause equipment malfunction contractor perform unsafe action base unclear instruction remote engineer s discomfort result cognitive error delay response potential misalignment field condition remote decision make,inadequate remote workstation ergonomics prolong technical task dedicate procedure complex remote support simultaneous screen monitor insufficient plan communication clarity remote contractor interaction,laptop position recommend eye level height time pressure complete calibration within maintenance window background noise home environment mask verbal cue multi task video fee configuration screen message platform pre session check confirm stable communication protocol,contractor exercise good practice perform verbal cross check execute change engineer pause work self report discomfort early task successfully stop resume without equipment impact use video allow contractor detect mismatch instruction promptly,always establish proper ergonomic setup start extend remote session use structure communication protocol repeat back step confirmation screen share identify complex remote task require dedicate workspace additional monitor tool ensure remote worker access headset noise reduce equipment include remote work consideration plan contractor support task,action create_remote_support_checklist_include_ergonomics_communication_requirement owner role hse system specialist time day verification checklist review next remote session action provide_adjustable_laptop_stand_external_keyboard_remote_worker owner role facility lead time day verification equipment distribution log action implement_mandatory_repeat_back_communication_remote_contractor_support owner role operation supervisor time immediate verification field remote task audit action add_module_remote_work_human_factor_risk_competency_train owner role train coordinator time day verification attendance post train quiz action require_remote_staff_conduct_brief_readiness_check_high_risk_task owner role hse advisor time day verification random call start audit action set_minimum_audio_quality_standard_contractor_remote_coordination_e_g_headset_require owner role lead time immediate verification periodic audio check action incorporate_remote_work_hazard_identification_pre_job_brief_task_involve_site_support owner role maintenance planner time day verification review brief form action develop_dual_screen_interface_guideline_remote_engineer_task owner role engineer manager time day verification usability test feedback,8,Safety,Remote,Remote,No Injury,Near Miss,Health and Safety,2,2,0,0,0,0,0,0,1,0,0,0,4,2
equipment shift cause uncontrolled line movement inspection,Near Miss,Medium,Utilities Area / General Operations,2019-01-01,No Injury,Near Miss,Health and Safety,routine visual inspection low pressure water return line two technician check sign vibration ensure support intact line partially obscure temporary insulation blanket early maintenance one technician apply light pressure confirm stability pipe clamp insulation shift reveal one secondary pipe support loose cause line sag several centimeter move unexpectedly toward technician s forearm team halt inspection immediately create small exclusion zone operation notify area isolate mechanical support retighten secure pipe bracket contact occur release trigger,line fully detach compromise support strike worker sudden mechanical movement cause pinch point injury line operate high temperature pressure release result burn exposure escalation cause damage adjacent equipment secondary line failure,inadequate inspection plan temporary insulation install previous job maintenance workflow include verification step secondary support hardware insulation reinstatement design configuration make visual inspection critical support difficult,reduce visibility due temporary insulation blanket congest workspace limit body position sightlines time pressure complete multiple inspection round incomplete communication maintenance operation regard previous support adjustment assumption temporary insulation fully re secure prior work,technician stop work immediately notice unexpected movement area isolate quickly prevent unnecessary exposure communication operation maintenance prompt clear personnel direct line fire support shift appropriate ppe minimize potential harm,always verify condition attachment temporary insulation conduct inspection behind around include secondary support post maintenance check primary support structure improve communication protocol workgroup equipment configuration temporarily alter reinforce importance establish exclusion zone work involve potentially unstable equipment enhance plan inspection congest low visibility environment,action add_mandatory_verification_secondary_support_insulation_reinstatement owner role maintenance lead time day verification random field audit confirm update checklist use action update inspection procedure require removal reposition insulation obstruct_visibility owner role operation supervisor time day verification document procedure revision pre job brief action introduce_brief_cross_team_equipment_condition_update_shift_handover owner role shift coordinator time immediate verification handover log show consistent communication action conduct_train_recognize_line_fire_risk_mechanical_inspection owner role hse advisor time day verification attendance competency assessment action implement_visual_tag_system_indicate_area_temporary_insulation_alter_support owner role reliability engineer time day verification field check confirm tag use work zone action review_improve_mechanical_support_design_improve_accessibility owner role engineer team lead time day verification complete design review recommend change action reinforce_stop_work_expectation_toolbox_talk owner role operation supervisor time immediate verification toolbox attendance sheet discussion summary action add_near_miss_recur_safety_case_study_awareness owner role hse advisor time day verification inclusion safety meet deck,8,Near Miss,Vancouver,Canada,No Injury,Near Miss,Health and Safety,2,2,0,1,0,0,0,0,0,0,0,0,5,1
